"Bashirian Justyn";"Bashirian Justyn";"22655";"Danielport";"Jakubowski Ferry";"0";"555.182.3760 x99818"
"Douglas Edna";"Douglas Edna";"27665";"East Kyra";"Pfannerstill Canyon";"8";"1-132-136-0400 x30653"
"Rice Eva";"Rice Eva";"22799";"Lake Bernie";"Kiara Station";"16";"259-995-8064 x70122"
"Runolfsson Rodolfo";"Runolfsson Rodolfo";"28516";"Webermouth";"Goodwin Ramp";"24";"1-761-200-3202"
"Bailey Stanford";"Bailey Stanford";"20181";"Kobeton";"Weimann Lights";"32";"(680) 164-0462 x420"
"Kreiger Lila";"Kreiger Lila";"76986";"South Emilie";"Swaniawski Burgs";"40";"(202) 452-3376 x276"
"Orn Salvador";"Orn Salvador";"86091";"South Carson";"Buckridge Track";"48";"(625) 306-6064 x81323"
"Klocko Danika";"Klocko Danika";"45366";"Port Hubertshire";"Shields Mountains";"56";"496.864.4757 x80260"
"Littel Mozelle";"Littel Mozelle";"20880";"Connorview";"Trantow Passage";"64";"(349) 478-4346"
"Swaniawski Gabriella";"Swaniawski Gabriella";"48880";"Sebastianshire";"Wilford Drive";"72";"1-471-388-2560"
"Strosin Santos";"Strosin Santos";"67177";"Bogisichchester";"Cindy Plaza";"80";"(282) 914-7673"
"White Muhammad";"White Muhammad";"30842";"Ernestinaland";"Demetris Squares";"88";"903.578.0796"
"Schaden Harvey";"Schaden Harvey";"69673";"East Khalidberg";"Giles Walk";"96";"283-169-0682 x6701"
"Schaden Eliezer";"Schaden Eliezer";"84638";"Leolaton";"Reese Lodge";"104";"1-806-081-5302 x809"
"Huel Werner";"Huel Werner";"21224";"Kareemstad";"Dominique Locks";"112";"716.558.6513 x968"
"Hammes Bartholome";"Hammes Bartholome";"73496";"New Javierchester";"Feest Overpass";"120";"1-872-596-1333 x268"
"Beer Tad";"Beer Tad";"85343";"Kuhictown";"Elias Port";"128";"200-027-2904 x725"
"Witting Rex";"Witting Rex";"66424";"North Tobin";"Philip Locks";"136";"1-119-102-5817"
"Kertzmann Garrick";"Kertzmann Garrick";"32866";"Reeseborough";"Adalberto Plaza";"144";"428-834-5713"
"Barrows Samanta";"Barrows Samanta";"80696";"Lake Trenton";"Marques Loop";"152";"1-497-886-2176"
"Kilback Lucy";"Kilback Lucy";"31315";"Annettechester";"Steve Track";"160";"(180) 977-3455 x23964"
"Auer Norval";"Auer Norval";"47544";"Marielaport";"Rozella Landing";"168";"(426) 629-2062"
"Carter Imogene";"Carter Imogene";"45107";"North Margot";"Goodwin Expressway";"176";"(923) 143-5033 x1083"
"Boyer Evans";"Boyer Evans";"92697";"Celiaborough";"Ozella Mill";"184";"427.275.7031"
"Hagenes Aryanna";"Hagenes Aryanna";"70685";"North Ricky";"Wilber Keys";"192";"(378) 207-9928"
"Johnston Kaleigh";"Johnston Kaleigh";"25559";"Braunview";"Alessandro Islands";"200";"1-394-722-9697"
"Huel Marielle";"Huel Marielle";"56376";"West Felicity";"Chandler Rest";"208";"391-162-9918"
"Brekke Adelbert";"Brekke Adelbert";"49804";"South Freddie";"Alfreda Rest";"216";"954.708.8745 x2413"
"Schmeler Sheldon";"Schmeler Sheldon";"36380";"South Lindsay";"White Park";"224";"856.723.2079"
"Hilll Pablo";"Hilll Pablo";"81927";"East Arvilla";"Zetta Gateway";"232";"395.377.9353 x3727"
"Daniel Eino";"Daniel Eino";"52114";"New Marlinborough";"Carey Parks";"240";"650-973-5150"
"Weber Clarissa";"Weber Clarissa";"99716";"Vallieburgh";"Doyle Extension";"248";"994-279-0431"
"McClure Unique";"McClure Unique";"34652";"Lanceside";"Rusty Mission";"256";"1-712-986-8810"
"Altenwerth Destiny";"Altenwerth Destiny";"26360";"West Reynaton";"Ruecker Terrace";"264";"401-717-1646"
"Stamm Collin";"Stamm Collin";"73970";"Port Jakayla";"Daron Circle";"272";"825-081-6789"
"Hand Adele";"Hand Adele";"55052";"Zenabury";"Koss Hills";"280";"359.133.1435"
"Boehm Brittany";"Boehm Brittany";"80246";"Haagport";"Smitham Station";"288";"879.152.2794 x3180"
"Leannon Barton";"Leannon Barton";"86884";"Brennonberg";"Reilly Lock";"296";"1-919-720-1428 x38341"
"Lynch Alene";"Lynch Alene";"24359";"Ilianaland";"Tamara Manor";"304";"916.719.5543"
"McCullough Lou";"McCullough Lou";"12327";"Port Burnice";"Alison Locks";"312";"362-130-1787 x1603"
"Feest Cicero";"Feest Cicero";"30664";"West Jason";"Delphine Harbor";"320";"(869) 561-1859"
"Emmerich Sterling";"Emmerich Sterling";"79229";"Port Andreaneburgh";"Ullrich Flats";"328";"726-379-2537 x008"
"Bergstrom Elmira";"Bergstrom Elmira";"49002";"New Virgiebury";"Hoeger Green";"336";"646.639.5492"
"Pacocha Roger";"Pacocha Roger";"45042";"Okunevaside";"Maverick Ports";"344";"1-845-545-3804 x94948"
"Fay Bethel";"Fay Bethel";"35778";"New Ramon";"Albertha Ports";"352";"(690) 603-6663"
"Mosciski Kendra";"Mosciski Kendra";"76441";"East Juvenalhaven";"Carissa Squares";"360";"926-745-6362 x3995"
"Wolff Sabina";"Wolff Sabina";"24932";"Watsicaville";"Rodriguez Locks";"368";"1-811-645-6521"
"Lockman Markus";"Lockman Markus";"43822";"Port Sarai";"Jast Villages";"376";"274.925.2850"
"Greenfelder Nathanael";"Greenfelder Nathanael";"80562";"Lilyanburgh";"Schiller Brook";"384";"205-921-7270 x7013"
"Schmidt Jeremie";"Schmidt Jeremie";"68322";"New Daija";"Heathcote Loop";"392";"443.181.8313 x1494"
"O'Keefe Cory";"O'Keefe Cory";"96331";"North Ardellafort";"Cole Key";"400";"112.883.2018 x28326"
"Quigley Geovanny";"Quigley Geovanny";"86108";"Wisokyside";"Kozey Causeway";"408";"500.180.6932 x17353"
"Towne Lucio";"Towne Lucio";"79097";"Adamsview";"Uriah Centers";"416";"1-613-877-6369"
"Heaney Mya";"Heaney Mya";"16635";"Reillyburgh";"Legros Mount";"424";"305.701.9734 x150"
"Stroman Kayleigh";"Stroman Kayleigh";"61896";"North Leonorview";"Little Squares";"432";"178-518-7138 x614"
"Metz Katherine";"Metz Katherine";"80129";"Torphyland";"Devan Forest";"440";"1-247-592-5909 x5659"
"Farrell Maiya";"Farrell Maiya";"77838";"Kertzmannport";"Arturo Terrace";"448";"1-941-327-7181"
"O'Conner Sheridan";"O'Conner Sheridan";"95740";"Vonfurt";"Bergnaum Hills";"456";"197.540.0967 x31590"
"Runte Sigrid";"Runte Sigrid";"16232";"Lucashaven";"Patricia Springs";"464";"421.963.1762"
"Lind Tressa";"Lind Tressa";"80166";"Bernadineton";"Koch Court";"472";"1-371-899-5924 x603"
"Leffler Bertram";"Leffler Bertram";"14574";"Gloverstad";"Gorczany Point";"480";"1-342-370-4667"
"Buckridge Roma";"Buckridge Roma";"90319";"Kertzmanntown";"Kerluke Radial";"488";"800.333.1433"
"Lockman Keaton";"Lockman Keaton";"22329";"Luisaview";"Balistreri Village";"496";"(194) 949-8991 x39505"
"Barrows Merritt";"Barrows Merritt";"26496";"Moenborough";"Jake Fort";"504";"883.331.9881"
"Robel Marjolaine";"Robel Marjolaine";"32481";"Ferryfurt";"Schaefer Falls";"512";"386-234-3571"
"Tromp Terrill";"Tromp Terrill";"76740";"Bradfordside";"Queen Tunnel";"520";"(151) 376-7181 x167"
"Weimann Dock";"Weimann Dock";"27950";"Ignaciochester";"Hailee Valley";"528";"623-910-8131 x866"
"Rolfson Ariel";"Rolfson Ariel";"44239";"Rigobertoberg";"Weissnat Valley";"536";"556.171.0186"
"Bechtelar Rylee";"Bechtelar Rylee";"45817";"Lake Addie";"Clare Keys";"544";"814-049-0528"
"Labadie Carole";"Labadie Carole";"86079";"South Lexie";"Julio Field";"552";"687-345-0483"
"Ryan Keven";"Ryan Keven";"28404";"North Margarett";"Mueller Fort";"560";"(651) 226-6355 x618"
"Auer Tomas";"Auer Tomas";"46511";"North Tia";"Kreiger Knolls";"568";"(531) 266-9524"
"Johnston Lorna";"Johnston Lorna";"69010";"Devanmouth";"Timothy Club";"576";"126.482.2787 x2434"
"Wuckert Enola";"Wuckert Enola";"64781";"North Kyleshire";"Kirlin Courts";"584";"(856) 515-8484 x380"
"Hodkiewicz Valentina";"Hodkiewicz Valentina";"19954";"Kutchborough";"Borer Inlet";"592";"1-461-719-7418 x07903"
"Haley Marcos";"Haley Marcos";"89373";"East Luigi";"Jordon Corners";"600";"1-509-812-9780 x98404"
"Kub Libbie";"Kub Libbie";"26277";"Amelieside";"Russel Isle";"608";"604.812.6262"
"Turner Stephanie";"Turner Stephanie";"61636";"Rethaton";"Geovany River";"616";"1-404-374-4867 x792"
"Langworth Karelle";"Langworth Karelle";"29016";"North Karianneberg";"Maryjane River";"624";"517.059.3755"
"Willms Maudie";"Willms Maudie";"36405";"North Zander";"Kohler Forks";"632";"(235) 127-4514 x51800"
"Graham Bella";"Graham Bella";"70109";"Port Yasmeenside";"Richmond Flats";"640";"(896) 614-4483 x24917"
"Lehner Adolphus";"Lehner Adolphus";"98347";"New Coby";"Jadyn Ranch";"648";"931.110.5734 x434"
"Wuckert Dortha";"Wuckert Dortha";"83675";"Port Fern";"Edgar Corner";"656";"292-946-0994 x0429"
"Satterfield Cade";"Satterfield Cade";"75948";"East Marianaport";"Reichel Overpass";"664";"(506) 838-7529 x67063"
"Halvorson Queen";"Halvorson Queen";"53791";"Adelaborough";"Grover River";"672";"(370) 341-0103"
"Will Juwan";"Will Juwan";"17485";"South Tannertown";"Collins Way";"680";"(947) 282-3014 x8732"
"Waters Dewitt";"Waters Dewitt";"37046";"East Carmen";"Danielle Forks";"688";"815.470.5483 x71104"
"Simonis Cora";"Simonis Cora";"44059";"Rennerport";"Greenholt Shoals";"696";"1-607-357-7738"
"Stamm Christine";"Stamm Christine";"24515";"North Bettestad";"Zboncak Lane";"704";"548-324-6745"
"Mayer Dora";"Mayer Dora";"28749";"Wolffmouth";"Carter View";"712";"(846) 446-5060 x260"
"Lind Seth";"Lind Seth";"37701";"Port Nilsport";"Jackeline Union";"720";"626-653-3525 x14338"
"Fritsch Stanton";"Fritsch Stanton";"17068";"Brownport";"Darrick Island";"728";"1-166-569-8775 x6053"
"Kirlin Effie";"Kirlin Effie";"34718";"South Belle";"Efren Row";"736";"1-453-439-8341"
"Gulgowski Maurice";"Gulgowski Maurice";"55991";"Lake Kathryneside";"Ratke Plains";"744";"1-661-047-5403 x61028"
"O'Kon Giuseppe";"O'Kon Giuseppe";"17158";"Lake Kenyon";"Halvorson Place";"752";"(378) 994-0195 x854"
"Legros Dimitri";"Legros Dimitri";"91926";"East Alexishaven";"Ciara Crescent";"760";"(507) 512-1428 x398"
"Wiza Gilbert";"Wiza Gilbert";"53507";"North Jordynville";"Toney Brooks";"768";"1-483-181-1562 x268"
"Brekke Ellis";"Brekke Ellis";"58680";"South Adamborough";"Kellie Brooks";"776";"1-165-174-3147"
"Wehner Kiana";"Wehner Kiana";"34733";"East Keithfurt";"Jacobs Drives";"784";"200.792.1922"
"McGlynn Wilburn";"McGlynn Wilburn";"57645";"North Macy";"Orrin Viaduct";"792";"135.558.9369"
"Will Genevieve";"Will Genevieve";"72437";"Shannonburgh";"Sallie Views";"800";"(343) 912-4779 x53975"
"Windler Maribel";"Windler Maribel";"48456";"East Hectorhaven";"Klocko Brooks";"808";"915-265-6377"
"McLaughlin Rachael";"McLaughlin Rachael";"40589";"New Monte";"Athena Spurs";"816";"(179) 520-8289 x4138"
"Dicki Melvin";"Dicki Melvin";"31084";"North Jaleeltown";"Wendy Loaf";"824";"411-362-8232"
"Macejkovic Oscar";"Macejkovic Oscar";"38136";"Port Luz";"Rosenbaum Run";"832";"187.890.9953"
"Ernser Blaze";"Ernser Blaze";"27840";"North Bradly";"O'Kon Mall";"840";"(983) 911-2340 x794"
"Cartwright Davion";"Cartwright Davion";"15368";"East Rowenaside";"Buford Center";"848";"1-765-047-4199 x533"
"Mraz Jany";"Mraz Jany";"31902";"East Piper";"Edmund Corner";"856";"(474) 555-8316"
"Erdman Lucio";"Erdman Lucio";"77026";"Brekkeland";"Shannon Green";"864";"561-095-5009"
"Sporer Mariam";"Sporer Mariam";"72316";"New Josie";"Maximilian Green";"872";"(226) 307-0696"
"Prohaska Carolanne";"Prohaska Carolanne";"13967";"Milliestad";"Kamren Plain";"880";"(593) 977-1300"
"Braun Shania";"Braun Shania";"31170";"Doyleside";"Eveline Fields";"888";"264.217.8033 x28514"
"Schultz Kelli";"Schultz Kelli";"17501";"South Jensenville";"Schultz Fork";"896";"232-182-6487 x129"
"Torphy Rebeka";"Torphy Rebeka";"34307";"New Kristoffer";"Hartmann Road";"904";"842-360-0234"
"Stamm Zachary";"Stamm Zachary";"39980";"West Robynshire";"Kemmer Road";"912";"1-171-331-6461 x77668"
"Miller Leilani";"Miller Leilani";"24245";"Cruickshankhaven";"Monahan Pass";"920";"(278) 646-2075 x30282"
"Tromp Rey";"Tromp Rey";"20093";"Franciscamouth";"Stiedemann Trafficway";"928";"829.967.2728"
"Brekke Khalid";"Brekke Khalid";"87476";"East Marisolmouth";"Angelina Springs";"936";"513.561.7205"
"Mueller Judd";"Mueller Judd";"52353";"Danielchester";"Lincoln Islands";"944";"478-367-6374"
"Rowe Eudora";"Rowe Eudora";"62636";"Cummeratamouth";"Huels Cape";"952";"376-834-3141 x43677"
"Smith Francesca";"Smith Francesca";"26655";"Traceyborough";"Harmony Rue";"960";"1-308-426-1795"
"Parker Alisha";"Parker Alisha";"16642";"Kayleighmouth";"Runolfsdottir Ridges";"968";"1-906-803-1843"
"Goyette Brennon";"Goyette Brennon";"78262";"Lake Nataliaburgh";"Murl Brooks";"976";"(939) 446-7662"
"Marks Delores";"Marks Delores";"41218";"New Hassanshire";"Angela Way";"984";"587.602.4618"
"Schneider Burnice";"Schneider Burnice";"96073";"Adolfomouth";"Edythe Brook";"992";"528-712-3821 x62870"
"Kuhic Nola";"Kuhic Nola";"82272";"Port Rosemaryhaven";"Lemke Harbors";"1000";"730-413-4709 x20568"
"Little Maurine";"Little Maurine";"79315";"Powlowskistad";"Kasey Inlet";"1008";"831-189-5980 x584"
"Donnelly Lionel";"Donnelly Lionel";"36863";"Deronmouth";"Kellie Rapid";"1016";"1-948-158-3661 x7077"
"Dare Luna";"Dare Luna";"81389";"Daughertytown";"Davis Plaza";"1024";"658-599-2833 x64512"
"Macejkovic Desiree";"Macejkovic Desiree";"44285";"Gutkowskishire";"Anissa Ports";"1032";"1-346-540-2718"
"Tillman Cierra";"Tillman Cierra";"57104";"East Jessburgh";"Diego Path";"1040";"956.442.5090"
"Reilly Zakary";"Reilly Zakary";"47882";"Mitchellfurt";"Abbott Parkways";"1048";"(704) 769-7433 x7764"
"Mitchell Kaley";"Mitchell Kaley";"42627";"North Chaunceybury";"Keith Lane";"1056";"805-959-0932 x39899"
"Dicki Breana";"Dicki Breana";"22424";"East Laurinetown";"Ward Dale";"1064";"1-569-327-2612 x007"
"Hettinger Abe";"Hettinger Abe";"62308";"East Kalebshire";"Schulist Locks";"1072";"1-744-480-0755 x15749"
"Hoeger Skye";"Hoeger Skye";"34654";"Filomenastad";"Ankunding Mountain";"1080";"599.325.4716 x9681"
"Kihn Ferne";"Kihn Ferne";"54770";"Trentonchester";"Brakus Pine";"1088";"1-138-552-8975 x870"
"Lockman Althea";"Lockman Althea";"16609";"West Cecilborough";"Jodie Road";"1096";"(464) 986-9703"
"Hackett Ethel";"Hackett Ethel";"42026";"Alvisberg";"Kunde Key";"1104";"964-664-6712 x854"
"O'Hara Ozella";"O'Hara Ozella";"73102";"West Devin";"Satterfield Plains";"1112";"(493) 425-0192 x0675"
"Robel Nelle";"Robel Nelle";"18361";"Manueltown";"Modesta Spur";"1120";"762.999.5829 x377"
"Ward Evangeline";"Ward Evangeline";"73910";"South Uriel";"Parker Burg";"1128";"597.346.7556 x28020"
"Lesch Jacynthe";"Lesch Jacynthe";"94001";"Ryanchester";"Kutch Hollow";"1136";"(633) 225-8401"
"Boyle Trinity";"Boyle Trinity";"94518";"Lake Maggie";"Urban Stravenue";"1144";"(391) 699-7102 x9768"
"Brakus Remington";"Brakus Remington";"46529";"Lake Jaida";"Ulices Expressway";"1152";"610-933-6196 x1260"
"Botsford Camylle";"Botsford Camylle";"85255";"East Jailyn";"Tatyana Ridges";"1160";"729-638-1931 x24661"
"Larkin Chelsea";"Larkin Chelsea";"10579";"Port Hymanmouth";"Brionna Lake";"1168";"1-205-914-3623 x9176"
"Champlin Gloria";"Champlin Gloria";"37650";"South Araceli";"Jaylan Mountain";"1176";"465.023.6830 x534"
"Brown Syble";"Brown Syble";"82364";"Kuphalview";"Diana Crossroad";"1184";"916-656-5710 x6604"
"Reichel Treva";"Reichel Treva";"75708";"Farrellland";"Dora Stream";"1192";"820.003.4209"
"Runte Myles";"Runte Myles";"46291";"East Kamillebury";"Bud Divide";"1200";"(140) 571-3076 x842"
"Rosenbaum Marilou";"Rosenbaum Marilou";"63368";"West Tarynshire";"Denis Pines";"1208";"1-361-313-5468"
"Ratke Reta";"Ratke Reta";"39119";"East Hannah";"Bashirian Isle";"1216";"498.894.3430"
"Feil Myrtis";"Feil Myrtis";"61683";"South Prudenceberg";"Kyra Rapid";"1224";"(124) 076-7631 x09046"
"Dickinson Glen";"Dickinson Glen";"83266";"Reubenfort";"Witting Hollow";"1232";"(575) 642-2362 x47303"
"Wiza Ralph";"Wiza Ralph";"76194";"South Jaceborough";"Clair Mill";"1240";"1-781-529-5226"
"Schneider Ignacio";"Schneider Ignacio";"27219";"Gageview";"Volkman Heights";"1248";"1-472-429-4338"
"Willms Alia";"Willms Alia";"13428";"New Melyssa";"Juliana Plains";"1256";"424.784.5198 x6219"
"Brekke Cullen";"Brekke Cullen";"82390";"Ameliehaven";"Volkman Forges";"1264";"157-272-1805"
"Jones Annette";"Jones Annette";"55530";"East Mariefort";"Wehner Springs";"1272";"(151) 001-1141"
"Kuphal Willard";"Kuphal Willard";"73003";"Schadenchester";"Schaefer Pines";"1280";"319.362.7223"
"Cronin Lyda";"Cronin Lyda";"27861";"Kirlinland";"Fiona Avenue";"1288";"(590) 428-5907 x232"
"Stark Peyton";"Stark Peyton";"49845";"Kuhicstad";"Rossie Garden";"1296";"856-922-3848 x2724"
"Cummings Aglae";"Cummings Aglae";"16798";"Babyton";"Williamson Trail";"1304";"(696) 074-2248 x754"
"Runolfsdottir Aurore";"Runolfsdottir Aurore";"61990";"West Xzavierborough";"Luisa Ford";"1312";"676.818.4946 x26520"
"Schulist Zechariah";"Schulist Zechariah";"21378";"Lake Darrick";"Stanton Extension";"1320";"1-618-295-4778"
"Grady Bruce";"Grady Bruce";"23992";"Virgieborough";"Suzanne Haven";"1328";"991-052-1028"
"Roberts Maximo";"Roberts Maximo";"15200";"East Lloydtown";"Strosin Coves";"1336";"449.017.8316"
"Koss Kaia";"Koss Kaia";"91222";"Schmidtburgh";"Olga Road";"1344";"(711) 912-6564 x490"
"Sporer Elizabeth";"Sporer Elizabeth";"53159";"West Will";"Beier Island";"1352";"(693) 324-0768 x20348"
"Johns Karina";"Johns Karina";"25729";"South Leannburgh";"Theodore Ferry";"1360";"1-822-298-5024 x04869"
"Heaney Keagan";"Heaney Keagan";"38905";"Lake Ludwigberg";"Gerhold Mountain";"1368";"994.188.6867 x95168"
"Kohler Reagan";"Kohler Reagan";"89678";"West Camylle";"Morar Field";"1376";"1-144-343-9860 x0472"
"Ebert Josiane";"Ebert Josiane";"44683";"Samirburgh";"Lorenza Common";"1384";"(850) 300-0867 x0036"
"Hegmann Finn";"Hegmann Finn";"80023";"Port Kellieview";"Lueilwitz Grove";"1392";"1-352-310-4134 x516"
"Renner Orrin";"Renner Orrin";"91462";"Quigleyburgh";"Harold Cliffs";"1400";"638.845.7082 x66308"
"Powlowski Dedric";"Powlowski Dedric";"32959";"East Micaelaland";"Renner Fort";"1408";"1-527-744-2153"
"Nitzsche Nick";"Nitzsche Nick";"93115";"Zacherymouth";"Lizzie Dam";"1416";"457-919-1597"
"Okuneva Abdullah";"Okuneva Abdullah";"99931";"New Amely";"Walter Oval";"1424";"906.321.5665 x3987"
"Adams Savanah";"Adams Savanah";"10366";"Jedstad";"Robel Cove";"1432";"(613) 243-9414"
"Purdy Ubaldo";"Purdy Ubaldo";"52552";"Markshaven";"Jensen Spurs";"1440";"1-549-019-4442 x63798"
"Welch Fabian";"Welch Fabian";"71223";"Lake Tedmouth";"Hills Mountain";"1448";"608-571-5537"
"Prosacco Landen";"Prosacco Landen";"27436";"Morissetteview";"Leatha Trail";"1456";"426.962.7719"
"Shields Enrico";"Shields Enrico";"48964";"Port Madieport";"Hayley Inlet";"1464";"1-264-633-2463"
"Langosh Evangeline";"Langosh Evangeline";"75195";"Daphneymouth";"McGlynn Harbor";"1472";"1-232-655-6904 x4002"
"Howell Amari";"Howell Amari";"35402";"South Jazmyneland";"Kassulke Flat";"1480";"887.729.7376 x8934"
"Dickens Vinnie";"Dickens Vinnie";"17448";"Port Jay";"Hoppe Junctions";"1488";"125-261-3470"
"Cummerata Rocio";"Cummerata Rocio";"89409";"Muellerport";"Saige Forge";"1496";"(801) 207-6850 x004"
"Osinski Damaris";"Osinski Damaris";"92282";"Schultzberg";"Chad Lodge";"1504";"(942) 666-0313 x33424"
"Abshire Jazmyne";"Abshire Jazmyne";"78759";"West Cydney";"Larkin Drive";"1512";"991.557.8422 x1000"
"Boehm Agnes";"Boehm Agnes";"90749";"East Chynaville";"Dibbert Spurs";"1520";"1-419-220-6834 x13716"
"Miller Forest";"Miller Forest";"87527";"Lake Skylatown";"Arnold Well";"1528";"657-200-6216 x0026"
"Haag Ofelia";"Haag Ofelia";"24399";"North Gudrun";"Jude Turnpike";"1536";"1-615-820-8318"
"Abernathy Rocio";"Abernathy Rocio";"81679";"Micaelabury";"VonRueden Prairie";"1544";"1-879-577-6093 x792"
"Casper Grady";"Casper Grady";"28120";"Laurentown";"Heaney Cape";"1552";"1-848-161-5033 x45331"
"Mante Nigel";"Mante Nigel";"20244";"Stonehaven";"Tamia Course";"1560";"152-784-4399 x31634"
"Mohr Archibald";"Mohr Archibald";"49491";"Westburgh";"Bergstrom Trail";"1568";"1-124-702-7413 x21773"
"Schamberger Elisabeth";"Schamberger Elisabeth";"79446";"Mooremouth";"Wilber Street";"1576";"439-161-3403 x9878"
"Oberbrunner Armando";"Oberbrunner Armando";"28375";"Braunborough";"Rolfson Rest";"1584";"1-311-759-4222 x03704"
"Pacocha Sally";"Pacocha Sally";"57831";"Port Bayleeside";"Hoppe Bridge";"1592";"447-586-5020 x146"
